TABLE_CATALOG,TABLE_SCHEMA,TABLE_NAME,TABLE_TYPE,ENGINE,VERSION,ROW_FORMAT,TABLE_ROWS,AVG_ROW_LENGTH,DATA_LENGTH,MAX_DATA_LENGTH,INDEX_LENGTH,DATA_FREE,AUTO_INCREMENT,CREATE_TIME,UPDATE_TIME,CHECK_TIME,TABLE_COLLATION,CHECKSUM,CREATE_OPTIONS,TABLE_COMMENT
def,mysql,columns_priv,BASE TABLE,InnoDB,10,Dynamic,0,0,16384,0,0,4194304,None,2023-06-22 11:22:13,None,None,utf8mb3_bin,None,row_format=DYNAMIC stats_persistent=0,Column privileges
def,mysql,component,BASE TABLE,InnoDB,10,Dynamic,0,0,16384,0,0,4194304,1,2023-06-22 11:22:13,None,None,utf8mb3_general_ci,None,row_format=DYNAMIC,Components
def,mysql,db,BASE TABLE,InnoDB,10,Dynamic,2,8192,16384,0,16384,4194304,None,2023-06-22 11:22:13,None,None,utf8mb3_bin,None,row_format=DYNAMIC stats_persistent=0,Database privileges
def,mysql,default_roles,BASE TABLE,InnoDB,10,Dynamic,0,0,16384,0,0,4194304,None,2023-06-22 11:22:13,None,None,utf8mb3_bin,None,row_format=DYNAMIC stats_persistent=0,Default roles
def,mysql,engine_cost,BASE TABLE,InnoDB,10,Dynamic,2,8192,16384,0,0,4194304,None,2023-06-22 11:22:13,None,None,utf8mb3_general_ci,None,row_format=DYNAMIC stats_persistent=0,
def,mysql,func,BASE TABLE,InnoDB,10,Dynamic,0,0,16384,0,0,4194304,None,2023-06-22 11:22:13,None,None,utf8mb3_bin,None,row_format=DYNAMIC stats_persistent=0,User defined functions
def,mysql,general_log,BASE TABLE,CSV,10,Dynamic,2,0,0,0,0,0,None,2023-06-22 11:22:13,None,None,utf8mb3_general_ci,None,,General log
def,mysql,global_grants,BASE TABLE,InnoDB,10,Dynamic,57,862,49152,0,0,4194304,None,2023-06-22 11:22:13,None,None,utf8mb3_bin,None,row_format=DYNAMIC stats_persistent=0,Extended global grants
def,mysql,gtid_executed,BASE TABLE,InnoDB,10,Dynamic,0,0,16384,0,0,4194304,None,2023-06-22 11:22:13,None,None,utf8mb4_0900_ai_ci,None,row_format=DYNAMIC stats_persistent=0,
def,mysql,help_category,BASE TABLE,InnoDB,10,Dynamic,53,309,16384,0,16384,4194304,None,2023-06-22 11:22:13,None,None,utf8mb3_general_ci,None,row_format=DYNAMIC stats_persistent=0,help categories
def,mysql,help_keyword,BASE TABLE,InnoDB,10,Dynamic,1066,122,131072,0,131072,4194304,None,2023-06-22 11:22:13,None,None,utf8mb3_general_ci,None,row_format=DYNAMIC stats_persistent=0,help keywords
def,mysql,help_relation,BASE TABLE,InnoDB,10,Dynamic,1984,49,98304,0,0,4194304,None,2023-06-22 11:22:13,None,None,utf8mb3_general_ci,None,row_format=DYNAMIC stats_persistent=0,keyword-topic relation
def,mysql,help_topic,BASE TABLE,InnoDB,10,Dynamic,772,2058,1589248,0,98304,4194304,None,2023-06-22 11:22:13,None,None,utf8mb3_general_ci,None,row_format=DYNAMIC stats_persistent=0,help topics
def,mysql,innodb_index_stats,BASE TABLE,InnoDB,10,Dynamic,209,235,49152,0,0,4194304,None,2023-06-22 15:22:11,2023-07-07 13:55:00,None,utf8mb3_bin,None,row_format=DYNAMIC stats_persistent=0,
def,mysql,innodb_table_stats,BASE TABLE,InnoDB,10,Dynamic,24,682,16384,0,0,4194304,None,2023-06-22 15:22:11,2023-07-07 13:55:00,None,utf8mb3_bin,None,row_format=DYNAMIC stats_persistent=0,
def,mysql,ndb_binlog_index,BASE TABLE,InnoDB,10,Dynamic,0,0,16384,0,0,4194304,None,2023-06-22 11:22:13,None,None,latin1_swedish_ci,None,row_format=DYNAMIC stats_persistent=0,
def,mysql,password_history,BASE TABLE,InnoDB,10,Dynamic,0,0,16384,0,0,4194304,None,2023-06-22 11:22:13,None,None,utf8mb3_bin,None,row_format=DYNAMIC stats_persistent=0,Password history for user accounts
def,mysql,plugin,BASE TABLE,InnoDB,10,Dynamic,0,0,16384,0,0,4194304,None,2023-06-22 11:22:13,None,None,utf8mb3_general_ci,None,row_format=DYNAMIC stats_persistent=0,MySQL plugins
def,mysql,procs_priv,BASE TABLE,InnoDB,10,Dynamic,0,0,16384,0,16384,4194304,None,2023-06-22 11:22:13,None,None,utf8mb3_bin,None,row_format=DYNAMIC stats_persistent=0,Procedure privileges
def,mysql,proxies_priv,BASE TABLE,InnoDB,10,Dynamic,1,16384,16384,0,16384,4194304,None,2023-06-22 11:22:13,None,None,utf8mb3_bin,None,row_format=DYNAMIC stats_persistent=0,User proxy privileges
def,mysql,replication_asynchronous_connection_failover,BASE TABLE,InnoDB,10,Dynamic,0,0,16384,0,16384,4194304,None,2023-06-22 11:22:13,None,None,utf8mb3_general_ci,None,row_format=DYNAMIC stats_persistent=0,The source configuration details
def,mysql,replication_asynchronous_connection_failover_managed,BASE TABLE,InnoDB,10,Dynamic,0,0,16384,0,0,4194304,None,2023-06-22 11:22:13,None,None,utf8mb3_general_ci,None,row_format=DYNAMIC stats_persistent=0,The managed source configuration details
def,mysql,replication_group_configuration_version,BASE TABLE,InnoDB,10,Dynamic,1,16384,16384,0,0,4194304,None,2023-06-22 11:22:13,None,None,utf8mb4_0900_ai_ci,None,row_format=DYNAMIC stats_persistent=0,The group configuration version.
def,mysql,replication_group_member_actions,BASE TABLE,InnoDB,10,Dynamic,2,8192,16384,0,16384,4194304,None,2023-06-22 11:22:13,None,None,utf8mb4_0900_ai_ci,None,row_format=DYNAMIC stats_persistent=0,The member actions configuration.
def,mysql,role_edges,BASE TABLE,InnoDB,10,Dynamic,0,0,16384,0,0,4194304,None,2023-06-22 11:22:13,None,None,utf8mb3_bin,None,row_format=DYNAMIC stats_persistent=0,Role hierarchy and role grants
def,mysql,server_cost,BASE TABLE,InnoDB,10,Dynamic,6,2730,16384,0,0,4194304,None,2023-06-22 11:22:13,None,None,utf8mb3_general_ci,None,row_format=DYNAMIC stats_persistent=0,
def,mysql,servers,BASE TABLE,InnoDB,10,Dynamic,0,0,16384,0,0,4194304,None,2023-06-22 11:22:13,None,None,utf8mb3_general_ci,None,row_format=DYNAMIC stats_persistent=0,MySQL Foreign Servers table
def,mysql,slave_master_info,BASE TABLE,InnoDB,10,Dynamic,0,0,16384,0,0,4194304,None,2023-06-22 11:22:13,None,None,utf8mb3_general_ci,None,row_format=DYNAMIC stats_persistent=0,Master Information
def,mysql,slave_relay_log_info,BASE TABLE,InnoDB,10,Dynamic,0,0,16384,0,0,4194304,None,2023-06-22 11:22:13,None,None,utf8mb3_general_ci,None,row_format=DYNAMIC stats_persistent=0,Relay Log Information
def,mysql,slave_worker_info,BASE TABLE,InnoDB,10,Dynamic,0,0,16384,0,0,4194304,None,2023-06-22 11:22:13,None,None,utf8mb3_general_ci,None,row_format=DYNAMIC stats_persistent=0,Worker Information
def,mysql,slow_log,BASE TABLE,CSV,10,Dynamic,2,0,0,0,0,0,None,2023-06-22 11:22:13,None,None,utf8mb3_general_ci,None,,Slow log
def,mysql,tables_priv,BASE TABLE,InnoDB,10,Dynamic,2,8192,16384,0,16384,4194304,None,2023-06-22 11:22:13,None,None,utf8mb3_bin,None,row_format=DYNAMIC stats_persistent=0,Table privileges
def,mysql,time_zone,BASE TABLE,InnoDB,10,Dynamic,0,0,16384,0,0,4194304,1,2023-06-22 11:22:13,None,None,utf8mb3_general_ci,None,row_format=DYNAMIC stats_persistent=0,Time zones
def,mysql,time_zone_leap_second,BASE TABLE,InnoDB,10,Dynamic,0,0,16384,0,0,4194304,None,2023-06-22 11:22:13,None,None,utf8mb3_general_ci,None,row_format=DYNAMIC stats_persistent=0,Leap seconds information for time zones
def,mysql,time_zone_name,BASE TABLE,InnoDB,10,Dynamic,0,0,16384,0,0,4194304,None,2023-06-22 11:22:13,None,None,utf8mb3_general_ci,None,row_format=DYNAMIC stats_persistent=0,Time zone names
def,mysql,time_zone_transition,BASE TABLE,InnoDB,10,Dynamic,0,0,16384,0,0,4194304,None,2023-06-22 11:22:13,None,None,utf8mb3_general_ci,None,row_format=DYNAMIC stats_persistent=0,Time zone transitions
def,mysql,time_zone_transition_type,BASE TABLE,InnoDB,10,Dynamic,0,0,16384,0,0,4194304,None,2023-06-22 11:22:13,None,None,utf8mb3_general_ci,None,row_format=DYNAMIC stats_persistent=0,Time zone transition types
def,mysql,user,BASE TABLE,InnoDB,10,Dynamic,6,2730,16384,0,0,4194304,None,2023-06-22 11:22:13,None,None,utf8mb3_bin,None,row_format=DYNAMIC stats_persistent=0,Users and global privileges
def,information_schema,ADMINISTRABLE_ROLE_AUTHORIZATIONS,SYSTEM VIEW,None,10,None,0,0,0,0,0,0,None,2023-06-22 11:22:14,None,None,None,None,,
def,information_schema,APPLICABLE_ROLES,SYSTEM VIEW,None,10,None,0,0,0,0,0,0,None,2023-06-22 11:22:14,None,None,None,None,,
def,information_schema,CHARACTER_SETS,SYSTEM VIEW,None,10,None,0,0,0,0,0,0,None,2023-06-22 11:22:12,None,None,None,None,,
def,information_schema,CHECK_CONSTRAINTS,SYSTEM VIEW,None,10,None,0,0,0,0,0,0,None,2023-06-22 11:22:12,None,None,None,None,,
def,information_schema,COLLATION_CHARACTER_SET_APPLICABILITY,SYSTEM VIEW,None,10,None,0,0,0,0,0,0,None,2023-06-22 11:22:12,None,None,None,None,,
def,information_schema,COLLATIONS,SYSTEM VIEW,None,10,None,0,0,0,0,0,0,None,2023-06-22 11:22:12,None,None,None,None,,
def,information_schema,COLUMN_PRIVILEGES,SYSTEM VIEW,None,10,None,0,0,0,0,0,0,None,2023-06-22 11:22:12,None,None,None,None,,
def,information_schema,COLUMN_STATISTICS,SYSTEM VIEW,None,10,None,0,0,0,0,0,0,None,2023-06-22 11:22:12,None,None,None,None,,
def,information_schema,COLUMNS,SYSTEM VIEW,None,10,None,0,0,0,0,0,0,None,2023-06-22 11:22:12,None,None,None,None,,
def,information_schema,COLUMNS_EXTENSIONS,SYSTEM VIEW,None,10,None,0,0,0,0,0,0,None,2023-06-22 11:22:12,None,None,None,None,,
def,information_schema,ENABLED_ROLES,SYSTEM VIEW,None,10,None,0,0,0,0,0,0,None,2023-06-22 11:22:14,None,None,None,None,,
def,information_schema,ENGINES,SYSTEM VIEW,None,10,None,0,0,0,0,0,0,None,2023-06-22 11:22:12,None,None,None,None,,
def,information_schema,EVENTS,SYSTEM VIEW,None,10,None,0,0,0,0,0,0,None,2023-06-22 11:22:12,None,None,None,None,,
def,information_schema,FILES,SYSTEM VIEW,None,10,None,0,0,0,0,0,0,None,2023-06-22 11:22:12,None,None,None,None,,
def,information_schema,INNODB_BUFFER_PAGE,SYSTEM VIEW,None,10,None,0,0,0,0,0,0,None,2023-06-22 11:22:19,None,None,None,None,,
def,information_schema,INNODB_BUFFER_PAGE_LRU,SYSTEM VIEW,None,10,None,0,0,0,0,0,0,None,2023-06-22 11:22:19,None,None,None,None,,
def,information_schema,INNODB_BUFFER_POOL_STATS,SYSTEM VIEW,None,10,None,0,0,0,0,0,0,None,2023-06-22 11:22:19,None,None,None,None,,
def,information_schema,INNODB_CACHED_INDEXES,SYSTEM VIEW,None,10,None,0,0,0,0,0,0,None,2023-06-22 11:22:19,None,None,None,None,,
def,information_schema,INNODB_CMP,SYSTEM VIEW,None,10,None,0,0,0,0,0,0,None,2023-06-22 11:22:19,None,None,None,None,,
def,information_schema,INNODB_CMP_PER_INDEX,SYSTEM VIEW,None,10,None,0,0,0,0,0,0,None,2023-06-22 11:22:19,None,None,None,None,,
def,information_schema,INNODB_CMP_PER_INDEX_RESET,SYSTEM VIEW,None,10,None,0,0,0,0,0,0,None,2023-06-22 11:22:19,None,None,None,None,,
def,information_schema,INNODB_CMP_RESET,SYSTEM VIEW,None,10,None,0,0,0,0,0,0,None,2023-06-22 11:22:19,None,None,None,None,,
def,information_schema,INNODB_CMPMEM,SYSTEM VIEW,None,10,None,0,0,0,0,0,0,None,2023-06-22 11:22:19,None,None,None,None,,
def,information_schema,INNODB_CMPMEM_RESET,SYSTEM VIEW,None,10,None,0,0,0,0,0,0,None,2023-06-22 11:22:19,None,None,None,None,,
def,information_schema,INNODB_COLUMNS,SYSTEM VIEW,None,10,None,0,0,0,0,0,0,None,2023-06-22 11:22:19,None,None,None,None,,
def,information_schema,INNODB_DATAFILES,SYSTEM VIEW,None,10,None,0,0,0,0,0,0,None,2023-06-22 11:22:12,None,None,None,None,,
def,information_schema,INNODB_FIELDS,SYSTEM VIEW,None,10,None,0,0,0,0,0,0,None,2023-06-22 11:22:12,None,None,None,None,,
def,information_schema,INNODB_FOREIGN,SYSTEM VIEW,None,10,None,0,0,0,0,0,0,None,2023-06-22 11:22:12,None,None,None,None,,
def,information_schema,INNODB_FOREIGN_COLS,SYSTEM VIEW,None,10,None,0,0,0,0,0,0,None,2023-06-22 11:22:12,None,None,None,None,,
def,information_schema,INNODB_FT_BEING_DELETED,SYSTEM VIEW,None,10,None,0,0,0,0,0,0,None,2023-06-22 11:22:19,None,None,None,None,,
def,information_schema,INNODB_FT_CONFIG,SYSTEM VIEW,None,10,None,0,0,0,0,0,0,None,2023-06-22 11:22:19,None,None,None,None,,
def,information_schema,INNODB_FT_DEFAULT_STOPWORD,SYSTEM VIEW,None,10,None,0,0,0,0,0,0,None,2023-06-22 11:22:19,None,None,None,None,,
def,information_schema,INNODB_FT_DELETED,SYSTEM VIEW,None,10,None,0,0,0,0,0,0,None,2023-06-22 11:22:19,None,None,None,None,,
def,information_schema,INNODB_FT_INDEX_CACHE,SYSTEM VIEW,None,10,None,0,0,0,0,0,0,None,2023-06-22 11:22:19,None,None,None,None,,
def,information_schema,INNODB_FT_INDEX_TABLE,SYSTEM VIEW,None,10,None,0,0,0,0,0,0,None,2023-06-22 11:22:19,None,None,None,None,,
def,information_schema,INNODB_INDEXES,SYSTEM VIEW,None,10,None,0,0,0,0,0,0,None,2023-06-22 11:22:19,None,None,None,None,,
def,information_schema,INNODB_METRICS,SYSTEM VIEW,None,10,None,0,0,0,0,0,0,None,2023-06-22 11:22:19,None,None,None,None,,
def,information_schema,INNODB_SESSION_TEMP_TABLESPACES,SYSTEM VIEW,None,10,None,0,0,0,0,0,0,None,2023-06-22 11:22:19,None,None,None,None,,
def,information_schema,INNODB_TABLES,SYSTEM VIEW,None,10,None,0,0,0,0,0,0,None,2023-06-22 11:22:19,None,None,None,None,,
def,information_schema,INNODB_TABLESPACES,SYSTEM VIEW,None,10,None,0,0,0,0,0,0,None,2023-06-22 11:22:19,None,None,None,None,,
def,information_schema,INNODB_TABLESPACES_BRIEF,SYSTEM VIEW,None,10,None,0,0,0,0,0,0,None,2023-06-22 11:22:12,None,None,None,None,,
def,information_schema,INNODB_TABLESTATS,SYSTEM VIEW,None,10,None,0,0,0,0,0,0,None,2023-06-22 11:22:19,None,None,None,None,,
def,information_schema,INNODB_TEMP_TABLE_INFO,SYSTEM VIEW,None,10,None,0,0,0,0,0,0,None,2023-06-22 11:22:19,None,None,None,None,,
def,information_schema,INNODB_TRX,SYSTEM VIEW,None,10,None,0,0,0,0,0,0,None,2023-06-22 11:22:19,None,None,None,None,,
def,information_schema,INNODB_VIRTUAL,SYSTEM VIEW,None,10,None,0,0,0,0,0,0,None,2023-06-22 11:22:19,None,None,None,None,,
def,information_schema,KEY_COLUMN_USAGE,SYSTEM VIEW,None,10,None,0,0,0,0,0,0,None,2023-06-22 11:22:12,None,None,None,None,,
def,information_schema,KEYWORDS,SYSTEM VIEW,None,10,None,0,0,0,0,0,0,None,2023-06-22 11:22:12,None,None,None,None,,
def,information_schema,OPTIMIZER_TRACE,SYSTEM VIEW,None,10,None,0,0,0,0,0,0,None,2023-06-22 11:22:12,None,None,None,None,,
def,information_schema,PARAMETERS,SYSTEM VIEW,None,10,None,0,0,0,0,0,0,None,2023-06-22 11:22:12,None,None,None,None,,
def,information_schema,PARTITIONS,SYSTEM VIEW,None,10,None,0,0,0,0,0,0,None,2023-06-22 11:22:12,None,None,None,None,,
def,information_schema,PLUGINS,SYSTEM VIEW,None,10,None,0,0,0,0,0,0,None,2023-06-22 11:22:12,None,None,None,None,,
def,information_schema,PROCESSLIST,SYSTEM VIEW,None,10,None,0,0,0,0,0,0,None,2023-06-22 11:22:12,None,None,None,None,,
def,information_schema,PROFILING,SYSTEM VIEW,None,10,None,0,0,0,0,0,0,None,2023-06-22 11:22:12,None,None,None,None,,
def,information_schema,REFERENTIAL_CONSTRAINTS,SYSTEM VIEW,None,10,None,0,0,0,0,0,0,None,2023-06-22 11:22:12,None,None,None,None,,
def,information_schema,RESOURCE_GROUPS,SYSTEM VIEW,None,10,None,0,0,0,0,0,0,None,2023-06-22 11:22:12,None,None,None,None,,
def,information_schema,ROLE_COLUMN_GRANTS,SYSTEM VIEW,None,10,None,0,0,0,0,0,0,None,2023-06-22 11:22:14,None,None,None,None,,
def,information_schema,ROLE_ROUTINE_GRANTS,SYSTEM VIEW,None,10,None,0,0,0,0,0,0,None,2023-06-22 11:22:14,None,None,None,None,,
def,information_schema,ROLE_TABLE_GRANTS,SYSTEM VIEW,None,10,None,0,0,0,0,0,0,None,2023-06-22 11:22:14,None,None,None,None,,
def,information_schema,ROUTINES,SYSTEM VIEW,None,10,None,0,0,0,0,0,0,None,2023-06-22 11:22:12,None,None,None,None,,
def,information_schema,SCHEMA_PRIVILEGES,SYSTEM VIEW,None,10,None,0,0,0,0,0,0,None,2023-06-22 11:22:12,None,None,None,None,,
def,information_schema,SCHEMATA,SYSTEM VIEW,None,10,None,0,0,0,0,0,0,None,2023-06-22 11:22:12,None,None,None,None,,
def,information_schema,SCHEMATA_EXTENSIONS,SYSTEM VIEW,None,10,None,0,0,0,0,0,0,None,2023-06-22 11:22:12,None,None,None,None,,
def,information_schema,ST_GEOMETRY_COLUMNS,SYSTEM VIEW,None,10,None,0,0,0,0,0,0,None,2023-06-22 11:22:12,None,None,None,None,,
def,information_schema,ST_SPATIAL_REFERENCE_SYSTEMS,SYSTEM VIEW,None,10,None,0,0,0,0,0,0,None,2023-06-22 11:22:12,None,None,None,None,,
def,information_schema,ST_UNITS_OF_MEASURE,SYSTEM VIEW,None,10,None,0,0,0,0,0,0,None,2023-06-22 11:22:12,None,None,None,None,,
def,information_schema,STATISTICS,SYSTEM VIEW,None,10,None,0,0,0,0,0,0,None,2023-06-22 11:22:12,None,None,None,None,,
def,information_schema,TABLE_CONSTRAINTS,SYSTEM VIEW,None,10,None,0,0,0,0,0,0,None,2023-06-22 11:22:12,None,None,None,None,,
def,information_schema,TABLE_CONSTRAINTS_EXTENSIONS,SYSTEM VIEW,None,10,None,0,0,0,0,0,0,None,2023-06-22 11:22:12,None,None,None,None,,
def,information_schema,TABLE_PRIVILEGES,SYSTEM VIEW,None,10,None,0,0,0,0,0,0,None,2023-06-22 11:22:12,None,None,None,None,,
def,information_schema,TABLES,SYSTEM VIEW,None,10,None,0,0,0,0,0,0,None,2023-06-22 11:22:12,None,None,None,None,,
def,information_schema,TABLES_EXTENSIONS,SYSTEM VIEW,None,10,None,0,0,0,0,0,0,None,2023-06-22 11:22:12,None,None,None,None,,
def,information_schema,TABLESPACES,SYSTEM VIEW,None,10,None,0,0,0,0,0,0,None,2023-06-22 11:22:12,None,None,None,None,,
def,information_schema,TABLESPACES_EXTENSIONS,SYSTEM VIEW,None,10,None,0,0,0,0,0,0,None,2023-06-22 11:22:12,None,None,None,None,,
def,information_schema,TRIGGERS,SYSTEM VIEW,None,10,None,0,0,0,0,0,0,None,2023-06-22 11:22:12,None,None,None,None,,
def,information_schema,USER_ATTRIBUTES,SYSTEM VIEW,None,10,None,0,0,0,0,0,0,None,2023-06-22 11:22:14,None,None,None,None,,
def,information_schema,USER_PRIVILEGES,SYSTEM VIEW,None,10,None,0,0,0,0,0,0,None,2023-06-22 11:22:12,None,None,None,None,,
def,information_schema,VIEW_ROUTINE_USAGE,SYSTEM VIEW,None,10,None,0,0,0,0,0,0,None,2023-06-22 11:22:12,None,None,None,None,,
def,information_schema,VIEW_TABLE_USAGE,SYSTEM VIEW,None,10,None,0,0,0,0,0,0,None,2023-06-22 11:22:12,None,None,None,None,,
def,information_schema,VIEWS,SYSTEM VIEW,None,10,None,0,0,0,0,0,0,None,2023-06-22 11:22:12,None,None,None,None,,
def,performance_schema,accounts,BASE TABLE,PERFORMANCE_SCHEMA,10,Fixed,128,0,0,0,0,0,None,2023-06-22 11:22:12,None,None,utf8mb4_0900_ai_ci,None,,
def,performance_schema,binary_log_transaction_compression_stats,BASE TABLE,PERFORMANCE_SCHEMA,10,Dynamic,0,0,0,0,0,0,None,2023-06-22 11:22:12,None,None,utf8mb4_0900_ai_ci,None,,
def,performance_schema,cond_instances,BASE TABLE,PERFORMANCE_SCHEMA,10,Dynamic,256,0,0,0,0,0,None,2023-06-22 11:22:12,None,None,utf8mb4_0900_ai_ci,None,,
def,performance_schema,data_lock_waits,BASE TABLE,PERFORMANCE_SCHEMA,10,Dynamic,99999,0,0,0,0,0,None,2023-06-22 11:22:12,None,None,utf8mb4_0900_ai_ci,None,,
def,performance_schema,data_locks,BASE TABLE,PERFORMANCE_SCHEMA,10,Dynamic,99999,0,0,0,0,0,None,2023-06-22 11:22:12,None,None,utf8mb4_0900_ai_ci,None,,
def,performance_schema,error_log,BASE TABLE,PERFORMANCE_SCHEMA,10,Dynamic,16,0,0,0,0,0,None,2023-06-22 11:22:12,None,None,utf8mb4_0900_ai_ci,None,,
def,performance_schema,events_errors_summary_by_account_by_error,BASE TABLE,PERFORMANCE_SCHEMA,10,Dynamic,209408,0,0,0,0,0,None,2023-06-22 11:22:12,None,None,utf8mb4_0900_ai_ci,None,,
def,performance_schema,events_errors_summary_by_host_by_error,BASE TABLE,PERFORMANCE_SCHEMA,10,Dynamic,209408,0,0,0,0,0,None,2023-06-22 11:22:12,None,None,utf8mb4_0900_ai_ci,None,,
def,performance_schema,events_errors_summary_by_thread_by_error,BASE TABLE,PERFORMANCE_SCHEMA,10,Dynamic,418816,0,0,0,0,0,None,2023-06-22 11:22:12,None,None,utf8mb4_0900_ai_ci,None,,
def,performance_schema,events_errors_summary_by_user_by_error,BASE TABLE,PERFORMANCE_SCHEMA,10,Dynamic,209408,0,0,0,0,0,None,2023-06-22 11:22:12,None,None,utf8mb4_0900_ai_ci,None,,
def,performance_schema,events_errors_summary_global_by_error,BASE TABLE,PERFORMANCE_SCHEMA,10,Dynamic,5288,0,0,0,0,0,None,2023-06-22 11:22:12,None,None,utf8mb4_0900_ai_ci,None,,
def,performance_schema,events_stages_current,BASE TABLE,PERFORMANCE_SCHEMA,10,Dynamic,256,0,0,0,0,0,None,2023-06-22 11:22:12,None,None,utf8mb4_0900_ai_ci,None,,
def,performance_schema,events_stages_history,BASE TABLE,PERFORMANCE_SCHEMA,10,Dynamic,2560,0,0,0,0,0,None,2023-06-22 11:22:12,None,None,utf8mb4_0900_ai_ci,None,,
def,performance_schema,events_stages_history_long,BASE TABLE,PERFORMANCE_SCHEMA,10,Dynamic,10000,0,0,0,0,0,None,2023-06-22 11:22:12,None,None,utf8mb4_0900_ai_ci,None,,
def,performance_schema,events_stages_summary_by_account_by_event_name,BASE TABLE,PERFORMANCE_SCHEMA,10,Dynamic,22400,0,0,0,0,0,None,2023-06-22 11:22:12,None,None,utf8mb4_0900_ai_ci,None,,
def,performance_schema,events_stages_summary_by_host_by_event_name,BASE TABLE,PERFORMANCE_SCHEMA,10,Dynamic,22400,0,0,0,0,0,None,2023-06-22 11:22:12,None,None,utf8mb4_0900_ai_ci,None,,
def,performance_schema,events_stages_summary_by_thread_by_event_name,BASE TABLE,PERFORMANCE_SCHEMA,10,Dynamic,44800,0,0,0,0,0,None,2023-06-22 11:22:12,None,None,utf8mb4_0900_ai_ci,None,,
def,performance_schema,events_stages_summary_by_user_by_event_name,BASE TABLE,PERFORMANCE_SCHEMA,10,Dynamic,22400,0,0,0,0,0,None,2023-06-22 11:22:12,None,None,utf8mb4_0900_ai_ci,None,,
def,performance_schema,events_stages_summary_global_by_event_name,BASE TABLE,PERFORMANCE_SCHEMA,10,Dynamic,175,0,0,0,0,0,None,2023-06-22 11:22:12,None,None,utf8mb4_0900_ai_ci,None,,
def,performance_schema,events_statements_current,BASE TABLE,PERFORMANCE_SCHEMA,10,Dynamic,2560,0,0,0,0,0,None,2023-06-22 11:22:12,None,None,utf8mb4_0900_ai_ci,None,,
def,performance_schema,events_statements_histogram_by_digest,BASE TABLE,PERFORMANCE_SCHEMA,10,Dynamic,10000,0,0,0,0,0,None,2023-06-22 11:22:12,None,None,utf8mb4_0900_ai_ci,None,,
def,performance_schema,events_statements_histogram_global,BASE TABLE,PERFORMANCE_SCHEMA,10,Fixed,450,0,0,0,0,0,None,2023-06-22 11:22:12,None,None,utf8mb4_0900_ai_ci,None,,
def,performance_schema,events_statements_history,BASE TABLE,PERFORMANCE_SCHEMA,10,Dynamic,2560,0,0,0,0,0,None,2023-06-22 11:22:12,None,None,utf8mb4_0900_ai_ci,None,,
def,performance_schema,events_statements_history_long,BASE TABLE,PERFORMANCE_SCHEMA,10,Dynamic,10000,0,0,0,0,0,None,2023-06-22 11:22:12,None,None,utf8mb4_0900_ai_ci,None,,
def,performance_schema,events_statements_summary_by_account_by_event_name,BASE TABLE,PERFORMANCE_SCHEMA,10,Dynamic,28032,0,0,0,0,0,None,2023-06-22 11:22:12,None,None,utf8mb4_0900_ai_ci,None,,
def,performance_schema,events_statements_summary_by_digest,BASE TABLE,PERFORMANCE_SCHEMA,10,Dynamic,10000,0,0,0,0,0,None,2023-06-22 11:22:12,None,None,utf8mb4_0900_ai_ci,None,,
def,performance_schema,events_statements_summary_by_host_by_event_name,BASE TABLE,PERFORMANCE_SCHEMA,10,Dynamic,28032,0,0,0,0,0,None,2023-06-22 11:22:12,None,None,utf8mb4_0900_ai_ci,None,,
def,performance_schema,events_statements_summary_by_program,BASE TABLE,PERFORMANCE_SCHEMA,10,Dynamic,1024,0,0,0,0,0,None,2023-06-22 11:22:12,None,None,utf8mb4_0900_ai_ci,None,,
def,performance_schema,events_statements_summary_by_thread_by_event_name,BASE TABLE,PERFORMANCE_SCHEMA,10,Dynamic,56064,0,0,0,0,0,None,2023-06-22 11:22:12,None,None,utf8mb4_0900_ai_ci,None,,
def,performance_schema,events_statements_summary_by_user_by_event_name,BASE TABLE,PERFORMANCE_SCHEMA,10,Dynamic,28032,0,0,0,0,0,None,2023-06-22 11:22:12,None,None,utf8mb4_0900_ai_ci,None,,
def,performance_schema,events_statements_summary_global_by_event_name,BASE TABLE,PERFORMANCE_SCHEMA,10,Dynamic,219,0,0,0,0,0,None,2023-06-22 11:22:12,None,None,utf8mb4_0900_ai_ci,None,,
def,performance_schema,events_transactions_current,BASE TABLE,PERFORMANCE_SCHEMA,10,Dynamic,256,0,0,0,0,0,None,2023-06-22 11:22:12,None,None,utf8mb4_0900_ai_ci,None,,
def,performance_schema,events_transactions_history,BASE TABLE,PERFORMANCE_SCHEMA,10,Dynamic,2560,0,0,0,0,0,None,2023-06-22 11:22:12,None,None,utf8mb4_0900_ai_ci,None,,
def,performance_schema,events_transactions_history_long,BASE TABLE,PERFORMANCE_SCHEMA,10,Dynamic,10000,0,0,0,0,0,None,2023-06-22 11:22:12,None,None,utf8mb4_0900_ai_ci,None,,
def,performance_schema,events_transactions_summary_by_account_by_event_name,BASE TABLE,PERFORMANCE_SCHEMA,10,Dynamic,128,0,0,0,0,0,None,2023-06-22 11:22:12,None,None,utf8mb4_0900_ai_ci,None,,
def,performance_schema,events_transactions_summary_by_host_by_event_name,BASE TABLE,PERFORMANCE_SCHEMA,10,Dynamic,128,0,0,0,0,0,None,2023-06-22 11:22:12,None,None,utf8mb4_0900_ai_ci,None,,
def,performance_schema,events_transactions_summary_by_thread_by_event_name,BASE TABLE,PERFORMANCE_SCHEMA,10,Dynamic,256,0,0,0,0,0,None,2023-06-22 11:22:12,None,None,utf8mb4_0900_ai_ci,None,,
def,performance_schema,events_transactions_summary_by_user_by_event_name,BASE TABLE,PERFORMANCE_SCHEMA,10,Dynamic,128,0,0,0,0,0,None,2023-06-22 11:22:12,None,None,utf8mb4_0900_ai_ci,None,,
def,performance_schema,events_transactions_summary_global_by_event_name,BASE TABLE,PERFORMANCE_SCHEMA,10,Dynamic,1,0,0,0,0,0,None,2023-06-22 11:22:12,None,None,utf8mb4_0900_ai_ci,None,,
def,performance_schema,events_waits_current,BASE TABLE,PERFORMANCE_SCHEMA,10,Dynamic,1536,0,0,0,0,0,None,2023-06-22 11:22:12,None,None,utf8mb4_0900_ai_ci,None,,
def,performance_schema,events_waits_history,BASE TABLE,PERFORMANCE_SCHEMA,10,Dynamic,2560,0,0,0,0,0,None,2023-06-22 11:22:12,None,None,utf8mb4_0900_ai_ci,None,,
def,performance_schema,events_waits_history_long,BASE TABLE,PERFORMANCE_SCHEMA,10,Dynamic,10000,0,0,0,0,0,None,2023-06-22 11:22:12,None,None,utf8mb4_0900_ai_ci,None,,
def,performance_schema,events_waits_summary_by_account_by_event_name,BASE TABLE,PERFORMANCE_SCHEMA,10,Dynamic,83712,0,0,0,0,0,None,2023-06-22 11:22:12,None,None,utf8mb4_0900_ai_ci,None,,
def,performance_schema,events_waits_summary_by_host_by_event_name,BASE TABLE,PERFORMANCE_SCHEMA,10,Dynamic,83712,0,0,0,0,0,None,2023-06-22 11:22:12,None,None,utf8mb4_0900_ai_ci,None,,
def,performance_schema,events_waits_summary_by_instance,BASE TABLE,PERFORMANCE_SCHEMA,10,Dynamic,10752,0,0,0,0,0,None,2023-06-22 11:22:12,None,None,utf8mb4_0900_ai_ci,None,,
def,performance_schema,events_waits_summary_by_thread_by_event_name,BASE TABLE,PERFORMANCE_SCHEMA,10,Dynamic,167424,0,0,0,0,0,None,2023-06-22 11:22:12,None,None,utf8mb4_0900_ai_ci,None,,
def,performance_schema,events_waits_summary_by_user_by_event_name,BASE TABLE,PERFORMANCE_SCHEMA,10,Dynamic,83712,0,0,0,0,0,None,2023-06-22 11:22:12,None,None,utf8mb4_0900_ai_ci,None,,
def,performance_schema,events_waits_summary_global_by_event_name,BASE TABLE,PERFORMANCE_SCHEMA,10,Dynamic,654,0,0,0,0,0,None,2023-06-22 11:22:12,None,None,utf8mb4_0900_ai_ci,None,,
def,performance_schema,file_instances,BASE TABLE,PERFORMANCE_SCHEMA,10,Dynamic,4096,0,0,0,0,0,None,2023-06-22 11:22:12,None,None,utf8mb4_0900_ai_ci,None,,
def,performance_schema,file_summary_by_event_name,BASE TABLE,PERFORMANCE_SCHEMA,10,Dynamic,80,0,0,0,0,0,None,2023-06-22 11:22:12,None,None,utf8mb4_0900_ai_ci,None,,
def,performance_schema,file_summary_by_instance,BASE TABLE,PERFORMANCE_SCHEMA,10,Dynamic,4096,0,0,0,0,0,None,2023-06-22 11:22:12,None,None,utf8mb4_0900_ai_ci,None,,
def,performance_schema,global_status,BASE TABLE,PERFORMANCE_SCHEMA,10,Dynamic,256,0,0,0,0,0,None,2023-06-22 11:22:12,None,None,utf8mb4_0900_ai_ci,None,,
def,performance_schema,global_variables,BASE TABLE,PERFORMANCE_SCHEMA,10,Dynamic,675,0,0,0,0,0,None,2023-06-22 11:22:12,None,None,utf8mb4_0900_ai_ci,None,,
def,performance_schema,host_cache,BASE TABLE,PERFORMANCE_SCHEMA,10,Dynamic,279,0,0,0,0,0,None,2023-06-22 11:22:12,None,None,utf8mb4_0900_ai_ci,None,,
def,performance_schema,hosts,BASE TABLE,PERFORMANCE_SCHEMA,10,Fixed,128,0,0,0,0,0,None,2023-06-22 11:22:12,None,None,utf8mb4_0900_ai_ci,None,,
def,performance_schema,innodb_redo_log_files,BASE TABLE,PERFORMANCE_SCHEMA,10,Dynamic,1,0,0,0,0,0,None,2023-07-07 11:41:56,None,None,utf8mb4_0900_ai_ci,None,,
def,performance_schema,keyring_component_status,BASE TABLE,PERFORMANCE_SCHEMA,10,Dynamic,64,0,0,0,0,0,None,2023-06-22 11:22:12,None,None,utf8mb4_0900_ai_ci,None,,
def,performance_schema,keyring_keys,BASE TABLE,PERFORMANCE_SCHEMA,10,Dynamic,96,0,0,0,0,0,None,2023-06-22 11:22:12,None,None,utf8mb4_bin,None,,
def,performance_schema,log_status,BASE TABLE,PERFORMANCE_SCHEMA,10,Dynamic,1,0,0,0,0,0,None,2023-06-22 11:22:12,None,None,utf8mb4_0900_ai_ci,None,,
def,performance_schema,memory_summary_by_account_by_event_name,BASE TABLE,PERFORMANCE_SCHEMA,10,Dynamic,57600,0,0,0,0,0,None,2023-06-22 11:22:12,None,None,utf8mb4_0900_ai_ci,None,,
def,performance_schema,memory_summary_by_host_by_event_name,BASE TABLE,PERFORMANCE_SCHEMA,10,Dynamic,57600,0,0,0,0,0,None,2023-06-22 11:22:12,None,None,utf8mb4_0900_ai_ci,None,,
def,performance_schema,memory_summary_by_thread_by_event_name,BASE TABLE,PERFORMANCE_SCHEMA,10,Dynamic,115200,0,0,0,0,0,None,2023-06-22 11:22:12,None,None,utf8mb4_0900_ai_ci,None,,
def,performance_schema,memory_summary_by_user_by_event_name,BASE TABLE,PERFORMANCE_SCHEMA,10,Dynamic,57600,0,0,0,0,0,None,2023-06-22 11:22:12,None,None,utf8mb4_0900_ai_ci,None,,
def,performance_schema,memory_summary_global_by_event_name,BASE TABLE,PERFORMANCE_SCHEMA,10,Dynamic,450,0,0,0,0,0,None,2023-06-22 11:22:12,None,None,utf8mb4_0900_ai_ci,None,,
def,performance_schema,metadata_locks,BASE TABLE,PERFORMANCE_SCHEMA,10,Dynamic,1024,0,0,0,0,0,None,2023-06-22 11:22:12,None,None,utf8mb4_0900_ai_ci,None,,
def,performance_schema,mutex_instances,BASE TABLE,PERFORMANCE_SCHEMA,10,Dynamic,4096,0,0,0,0,0,None,2023-06-22 11:22:12,None,None,utf8mb4_0900_ai_ci,None,,
def,performance_schema,objects_summary_global_by_type,BASE TABLE,PERFORMANCE_SCHEMA,10,Dynamic,5120,0,0,0,0,0,None,2023-06-22 11:22:12,None,None,utf8mb4_0900_ai_ci,None,,
def,performance_schema,performance_timers,BASE TABLE,PERFORMANCE_SCHEMA,10,Fixed,5,0,0,0,0,0,None,2023-06-22 11:22:12,None,None,utf8mb4_0900_ai_ci,None,,
def,performance_schema,persisted_variables,BASE TABLE,PERFORMANCE_SCHEMA,10,Dynamic,0,0,0,0,0,0,None,2023-06-22 11:22:12,None,None,utf8mb4_0900_ai_ci,None,,
def,performance_schema,prepared_statements_instances,BASE TABLE,PERFORMANCE_SCHEMA,10,Dynamic,1024,0,0,0,0,0,None,2023-06-22 11:22:12,None,None,utf8mb4_0900_ai_ci,None,,
def,performance_schema,processlist,BASE TABLE,PERFORMANCE_SCHEMA,10,Dynamic,256,0,0,0,0,0,None,2023-06-22 11:22:12,None,None,utf8mb4_0900_ai_ci,None,,
def,performance_schema,replication_applier_configuration,BASE TABLE,PERFORMANCE_SCHEMA,10,Dynamic,256,0,0,0,0,0,None,2023-06-22 11:22:12,None,None,utf8mb4_0900_ai_ci,None,,
def,performance_schema,replication_applier_filters,BASE TABLE,PERFORMANCE_SCHEMA,10,Dynamic,0,0,0,0,0,0,None,2023-06-22 11:22:12,None,None,utf8mb4_0900_ai_ci,None,,
def,performance_schema,replication_applier_global_filters,BASE TABLE,PERFORMANCE_SCHEMA,10,Dynamic,0,0,0,0,0,0,None,2023-06-22 11:22:12,None,None,utf8mb4_0900_ai_ci,None,,
def,performance_schema,replication_applier_status,BASE TABLE,PERFORMANCE_SCHEMA,10,Fixed,256,0,0,0,0,0,None,2023-06-22 11:22:12,None,None,utf8mb4_0900_ai_ci,None,,
def,performance_schema,replication_applier_status_by_coordinator,BASE TABLE,PERFORMANCE_SCHEMA,10,Dynamic,256,0,0,0,0,0,None,2023-06-22 11:22:12,None,None,utf8mb4_0900_ai_ci,None,,
def,performance_schema,replication_applier_status_by_worker,BASE TABLE,PERFORMANCE_SCHEMA,10,Dynamic,8192,0,0,0,0,0,None,2023-06-22 11:22:12,None,None,utf8mb4_0900_ai_ci,None,,
def,performance_schema,replication_asynchronous_connection_failover,BASE TABLE,PERFORMANCE_SCHEMA,10,Fixed,0,0,0,0,0,0,None,2023-06-22 11:22:12,None,None,utf8mb4_0900_ai_ci,None,,
def,performance_schema,replication_asynchronous_connection_failover_managed,BASE TABLE,PERFORMANCE_SCHEMA,10,Dynamic,0,0,0,0,0,0,None,2023-06-22 11:22:12,None,None,utf8mb4_0900_ai_ci,None,,
def,performance_schema,replication_connection_configuration,BASE TABLE,PERFORMANCE_SCHEMA,10,Dynamic,256,0,0,0,0,0,None,2023-06-22 11:22:12,None,None,utf8mb4_0900_ai_ci,None,,
def,performance_schema,replication_connection_status,BASE TABLE,PERFORMANCE_SCHEMA,10,Dynamic,256,0,0,0,0,0,None,2023-06-22 11:22:12,None,None,utf8mb4_0900_ai_ci,None,,
def,performance_schema,replication_group_member_stats,BASE TABLE,PERFORMANCE_SCHEMA,10,Dynamic,0,0,0,0,0,0,None,2023-06-22 11:22:12,None,None,utf8mb4_0900_ai_ci,None,,
def,performance_schema,replication_group_members,BASE TABLE,PERFORMANCE_SCHEMA,10,Fixed,0,0,0,0,0,0,None,2023-06-22 11:22:12,None,None,utf8mb4_0900_ai_ci,None,,
def,performance_schema,rwlock_instances,BASE TABLE,PERFORMANCE_SCHEMA,10,Dynamic,2048,0,0,0,0,0,None,2023-06-22 11:22:12,None,None,utf8mb4_0900_ai_ci,None,,
def,performance_schema,session_account_connect_attrs,BASE TABLE,PERFORMANCE_SCHEMA,10,Dynamic,131072,0,0,0,0,0,None,2023-06-22 11:22:12,None,None,utf8mb4_bin,None,,
def,performance_schema,session_connect_attrs,BASE TABLE,PERFORMANCE_SCHEMA,10,Dynamic,131072,0,0,0,0,0,None,2023-06-22 11:22:12,None,None,utf8mb4_bin,None,,
def,performance_schema,session_status,BASE TABLE,PERFORMANCE_SCHEMA,10,Dynamic,256,0,0,0,0,0,None,2023-06-22 11:22:12,None,None,utf8mb4_0900_ai_ci,None,,
def,performance_schema,session_variables,BASE TABLE,PERFORMANCE_SCHEMA,10,Dynamic,675,0,0,0,0,0,None,2023-06-22 11:22:12,None,None,utf8mb4_0900_ai_ci,None,,
def,performance_schema,setup_actors,BASE TABLE,PERFORMANCE_SCHEMA,10,Fixed,128,0,0,0,0,0,None,2023-06-22 11:22:12,None,None,utf8mb4_0900_ai_ci,None,,
def,performance_schema,setup_consumers,BASE TABLE,PERFORMANCE_SCHEMA,10,Dynamic,16,0,0,0,0,0,None,2023-06-22 11:22:12,None,None,utf8mb4_0900_ai_ci,None,,
def,performance_schema,setup_instruments,BASE TABLE,PERFORMANCE_SCHEMA,10,Dynamic,1500,0,0,0,0,0,None,2023-06-22 11:22:12,None,None,utf8mb4_0900_ai_ci,None,,
def,performance_schema,setup_objects,BASE TABLE,PERFORMANCE_SCHEMA,10,Dynamic,128,0,0,0,0,0,None,2023-06-22 11:22:12,None,None,utf8mb4_0900_ai_ci,None,,
def,performance_schema,setup_threads,BASE TABLE,PERFORMANCE_SCHEMA,10,Dynamic,100,0,0,0,0,0,None,2023-06-22 11:22:12,None,None,utf8mb4_0900_ai_ci,None,,
def,performance_schema,socket_instances,BASE TABLE,PERFORMANCE_SCHEMA,10,Dynamic,256,0,0,0,0,0,None,2023-06-22 11:22:12,None,None,utf8mb4_0900_ai_ci,None,,
def,performance_schema,socket_summary_by_event_name,BASE TABLE,PERFORMANCE_SCHEMA,10,Dynamic,10,0,0,0,0,0,None,2023-06-22 11:22:12,None,None,utf8mb4_0900_ai_ci,None,,
def,performance_schema,socket_summary_by_instance,BASE TABLE,PERFORMANCE_SCHEMA,10,Dynamic,256,0,0,0,0,0,None,2023-06-22 11:22:12,None,None,utf8mb4_0900_ai_ci,None,,
def,performance_schema,status_by_account,BASE TABLE,PERFORMANCE_SCHEMA,10,Dynamic,32768,0,0,0,0,0,None,2023-06-22 11:22:12,None,None,utf8mb4_0900_ai_ci,None,,
def,performance_schema,status_by_host,BASE TABLE,PERFORMANCE_SCHEMA,10,Dynamic,32768,0,0,0,0,0,None,2023-06-22 11:22:12,None,None,utf8mb4_0900_ai_ci,None,,
def,performance_schema,status_by_thread,BASE TABLE,PERFORMANCE_SCHEMA,10,Dynamic,65536,0,0,0,0,0,None,2023-06-22 11:22:12,None,None,utf8mb4_0900_ai_ci,None,,
def,performance_schema,status_by_user,BASE TABLE,PERFORMANCE_SCHEMA,10,Dynamic,32768,0,0,0,0,0,None,2023-06-22 11:22:12,None,None,utf8mb4_0900_ai_ci,None,,
def,performance_schema,table_handles,BASE TABLE,PERFORMANCE_SCHEMA,10,Dynamic,1024,0,0,0,0,0,None,2023-06-22 11:22:12,None,None,utf8mb4_0900_ai_ci,None,,
def,performance_schema,table_io_waits_summary_by_index_usage,BASE TABLE,PERFORMANCE_SCHEMA,10,Dynamic,8192,0,0,0,0,0,None,2023-06-22 11:22:12,None,None,utf8mb4_0900_ai_ci,None,,
def,performance_schema,table_io_waits_summary_by_table,BASE TABLE,PERFORMANCE_SCHEMA,10,Dynamic,4096,0,0,0,0,0,None,2023-06-22 11:22:12,None,None,utf8mb4_0900_ai_ci,None,,
def,performance_schema,table_lock_waits_summary_by_table,BASE TABLE,PERFORMANCE_SCHEMA,10,Dynamic,4096,0,0,0,0,0,None,2023-06-22 11:22:12,None,None,utf8mb4_0900_ai_ci,None,,
def,performance_schema,threads,BASE TABLE,PERFORMANCE_SCHEMA,10,Dynamic,256,0,0,0,0,0,None,2023-06-22 11:22:12,None,None,utf8mb4_0900_ai_ci,None,,
def,performance_schema,tls_channel_status,BASE TABLE,PERFORMANCE_SCHEMA,10,Dynamic,96,0,0,0,0,0,None,2023-06-22 11:22:12,None,None,utf8mb4_0900_ai_ci,None,,
def,performance_schema,user_defined_functions,BASE TABLE,PERFORMANCE_SCHEMA,10,Dynamic,16,0,0,0,0,0,None,2023-06-22 11:22:12,None,None,utf8mb4_0900_ai_ci,None,,
def,performance_schema,user_variables_by_thread,BASE TABLE,PERFORMANCE_SCHEMA,10,Dynamic,2560,0,0,0,0,0,None,2023-06-22 11:22:12,None,None,utf8mb4_0900_ai_ci,None,,
def,performance_schema,users,BASE TABLE,PERFORMANCE_SCHEMA,10,Fixed,128,0,0,0,0,0,None,2023-06-22 11:22:12,None,None,utf8mb4_0900_ai_ci,None,,
def,performance_schema,variables_by_thread,BASE TABLE,PERFORMANCE_SCHEMA,10,Dynamic,172800,0,0,0,0,0,None,2023-06-22 11:22:12,None,None,utf8mb4_0900_ai_ci,None,,
def,performance_schema,variables_info,BASE TABLE,PERFORMANCE_SCHEMA,10,Dynamic,675,0,0,0,0,0,None,2023-06-22 11:22:12,None,None,utf8mb4_0900_ai_ci,None,,
def,sys,host_summary,VIEW,None,None,None,None,None,None,None,None,None,None,2023-06-22 11:22:14,None,None,None,None,None,VIEW
def,sys,host_summary_by_file_io,VIEW,None,None,None,None,None,None,None,None,None,None,2023-06-22 11:22:14,None,None,None,None,None,VIEW
def,sys,host_summary_by_file_io_type,VIEW,None,None,None,None,None,None,None,None,None,None,2023-06-22 11:22:14,None,None,None,None,None,VIEW
def,sys,host_summary_by_stages,VIEW,None,None,None,None,None,None,None,None,None,None,2023-06-22 11:22:14,None,None,None,None,None,VIEW
def,sys,host_summary_by_statement_latency,VIEW,None,None,None,None,None,None,None,None,None,None,2023-06-22 11:22:14,None,None,None,None,None,VIEW
def,sys,host_summary_by_statement_type,VIEW,None,None,None,None,None,None,None,None,None,None,2023-06-22 11:22:14,None,None,None,None,None,VIEW
def,sys,innodb_buffer_stats_by_schema,VIEW,None,None,None,None,None,None,None,None,None,None,2023-06-22 11:22:14,None,None,None,None,None,VIEW
def,sys,innodb_buffer_stats_by_table,VIEW,None,None,None,None,None,None,None,None,None,None,2023-06-22 11:22:14,None,None,None,None,None,VIEW
def,sys,innodb_lock_waits,VIEW,None,None,None,None,None,None,None,None,None,None,2023-06-22 11:22:14,None,None,None,None,None,VIEW
def,sys,io_by_thread_by_latency,VIEW,None,None,None,None,None,None,None,None,None,None,2023-06-22 11:22:14,None,None,None,None,None,VIEW
def,sys,io_global_by_file_by_bytes,VIEW,None,None,None,None,None,None,None,None,None,None,2023-06-22 11:22:14,None,None,None,None,None,VIEW
def,sys,io_global_by_file_by_latency,VIEW,None,None,None,None,None,None,None,None,None,None,2023-06-22 11:22:14,None,None,None,None,None,VIEW
def,sys,io_global_by_wait_by_bytes,VIEW,None,None,None,None,None,None,None,None,None,None,2023-06-22 11:22:14,None,None,None,None,None,VIEW
def,sys,io_global_by_wait_by_latency,VIEW,None,None,None,None,None,None,None,None,None,None,2023-06-22 11:22:14,None,None,None,None,None,VIEW
def,sys,latest_file_io,VIEW,None,None,None,None,None,None,None,None,None,None,2023-06-22 11:22:14,None,None,None,None,None,VIEW
def,sys,memory_by_host_by_current_bytes,VIEW,None,None,None,None,None,None,None,None,None,None,2023-06-22 11:22:14,None,None,None,None,None,VIEW
def,sys,memory_by_thread_by_current_bytes,VIEW,None,None,None,None,None,None,None,None,None,None,2023-06-22 11:22:14,None,None,None,None,None,VIEW
def,sys,memory_by_user_by_current_bytes,VIEW,None,None,None,None,None,None,None,None,None,None,2023-06-22 11:22:14,None,None,None,None,None,VIEW
def,sys,memory_global_by_current_bytes,VIEW,None,None,None,None,None,None,None,None,None,None,2023-06-22 11:22:14,None,None,None,None,None,VIEW
def,sys,memory_global_total,VIEW,None,None,None,None,None,None,None,None,None,None,2023-06-22 11:22:14,None,None,None,None,None,VIEW
def,sys,metrics,VIEW,None,None,None,None,None,None,None,None,None,None,2023-06-22 11:22:14,None,None,None,None,None,VIEW
def,sys,processlist,VIEW,None,None,None,None,None,None,None,None,None,None,2023-06-22 11:22:14,None,None,None,None,None,VIEW
def,sys,ps_check_lost_instrumentation,VIEW,None,None,None,None,None,None,None,None,None,None,2023-06-22 11:22:14,None,None,None,None,None,VIEW
def,sys,schema_auto_increment_columns,VIEW,None,None,None,None,None,None,None,None,None,None,2023-06-22 11:22:14,None,None,None,None,None,VIEW
def,sys,schema_index_statistics,VIEW,None,None,None,None,None,None,None,None,None,None,2023-06-22 11:22:14,None,None,None,None,None,VIEW
def,sys,schema_object_overview,VIEW,None,None,None,None,None,None,None,None,None,None,2023-06-22 11:22:14,None,None,None,None,None,VIEW
def,sys,schema_redundant_indexes,VIEW,None,None,None,None,None,None,None,None,None,None,2023-06-22 11:22:14,None,None,None,None,None,VIEW
def,sys,schema_table_lock_waits,VIEW,None,None,None,None,None,None,None,None,None,None,2023-06-22 11:22:14,None,None,None,None,None,VIEW
def,sys,schema_table_statistics,VIEW,None,None,None,None,None,None,None,None,None,None,2023-06-22 11:22:14,None,None,None,None,None,VIEW
def,sys,schema_table_statistics_with_buffer,VIEW,None,None,None,None,None,None,None,None,None,None,2023-06-22 11:22:14,None,None,None,None,None,VIEW
def,sys,schema_tables_with_full_table_scans,VIEW,None,None,None,None,None,None,None,None,None,None,2023-06-22 11:22:14,None,None,None,None,None,VIEW
def,sys,schema_unused_indexes,VIEW,None,None,None,None,None,None,None,None,None,None,2023-06-22 11:22:14,None,None,None,None,None,VIEW
def,sys,session,VIEW,None,None,None,None,None,None,None,None,None,None,2023-06-22 11:22:14,None,None,None,None,None,VIEW
def,sys,session_ssl_status,VIEW,None,None,None,None,None,None,None,None,None,None,2023-06-22 11:22:14,None,None,None,None,None,VIEW
def,sys,statement_analysis,VIEW,None,None,None,None,None,None,None,None,None,None,2023-06-22 11:22:14,None,None,None,None,None,VIEW
def,sys,statements_with_errors_or_warnings,VIEW,None,None,None,None,None,None,None,None,None,None,2023-06-22 11:22:14,None,None,None,None,None,VIEW
def,sys,statements_with_full_table_scans,VIEW,None,None,None,None,None,None,None,None,None,None,2023-06-22 11:22:14,None,None,None,None,None,VIEW
def,sys,statements_with_runtimes_in_95th_percentile,VIEW,None,None,None,None,None,None,None,None,None,None,2023-06-22 11:22:14,None,None,None,None,None,VIEW
def,sys,statements_with_sorting,VIEW,None,None,None,None,None,None,None,None,None,None,2023-06-22 11:22:14,None,None,None,None,None,VIEW
def,sys,statements_with_temp_tables,VIEW,None,None,None,None,None,None,None,None,None,None,2023-06-22 11:22:14,None,None,None,None,None,VIEW
def,sys,sys_config,BASE TABLE,InnoDB,10,Dynamic,6,2730,16384,0,0,0,None,2023-06-22 11:22:14,None,None,utf8mb4_0900_ai_ci,None,,
def,sys,user_summary,VIEW,None,None,None,None,None,None,None,None,None,None,2023-06-22 11:22:14,None,None,None,None,None,VIEW
def,sys,user_summary_by_file_io,VIEW,None,None,None,None,None,None,None,None,None,None,2023-06-22 11:22:14,None,None,None,None,None,VIEW
def,sys,user_summary_by_file_io_type,VIEW,None,None,None,None,None,None,None,None,None,None,2023-06-22 11:22:14,None,None,None,None,None,VIEW
def,sys,user_summary_by_stages,VIEW,None,None,None,None,None,None,None,None,None,None,2023-06-22 11:22:14,None,None,None,None,None,VIEW
def,sys,user_summary_by_statement_latency,VIEW,None,None,None,None,None,None,None,None,None,None,2023-06-22 11:22:14,None,None,None,None,None,VIEW
def,sys,user_summary_by_statement_type,VIEW,None,None,None,None,None,None,None,None,None,None,2023-06-22 11:22:14,None,None,None,None,None,VIEW
def,sys,version,VIEW,None,None,None,None,None,None,None,None,None,None,2023-06-22 11:22:14,None,None,None,None,None,VIEW
def,sys,wait_classes_global_by_avg_latency,VIEW,None,None,None,None,None,None,None,None,None,None,2023-06-22 11:22:14,None,None,None,None,None,VIEW
def,sys,wait_classes_global_by_latency,VIEW,None,None,None,None,None,None,None,None,None,None,2023-06-22 11:22:14,None,None,None,None,None,VIEW
def,sys,waits_by_host_by_latency,VIEW,None,None,None,None,None,None,None,None,None,None,2023-06-22 11:22:14,None,None,None,None,None,VIEW
def,sys,waits_by_user_by_latency,VIEW,None,None,None,None,None,None,None,None,None,None,2023-06-22 11:22:14,None,None,None,None,None,VIEW
def,sys,waits_global_by_latency,VIEW,None,None,None,None,None,None,None,None,None,None,2023-06-22 11:22:14,None,None,None,None,None,VIEW
def,sys,x$host_summary,VIEW,None,None,None,None,None,None,None,None,None,None,2023-06-22 11:22:14,None,None,None,None,None,VIEW
def,sys,x$host_summary_by_file_io,VIEW,None,None,None,None,None,None,None,None,None,None,2023-06-22 11:22:14,None,None,None,None,None,VIEW
def,sys,x$host_summary_by_file_io_type,VIEW,None,None,None,None,None,None,None,None,None,None,2023-06-22 11:22:14,None,None,None,None,None,VIEW
def,sys,x$host_summary_by_stages,VIEW,None,None,None,None,None,None,None,None,None,None,2023-06-22 11:22:14,None,None,None,None,None,VIEW
def,sys,x$host_summary_by_statement_latency,VIEW,None,None,None,None,None,None,None,None,None,None,2023-06-22 11:22:14,None,None,None,None,None,VIEW
def,sys,x$host_summary_by_statement_type,VIEW,None,None,None,None,None,None,None,None,None,None,2023-06-22 11:22:14,None,None,None,None,None,VIEW
def,sys,x$innodb_buffer_stats_by_schema,VIEW,None,None,None,None,None,None,None,None,None,None,2023-06-22 11:22:14,None,None,None,None,None,VIEW
def,sys,x$innodb_buffer_stats_by_table,VIEW,None,None,None,None,None,None,None,None,None,None,2023-06-22 11:22:14,None,None,None,None,None,VIEW
def,sys,x$innodb_lock_waits,VIEW,None,None,None,None,None,None,None,None,None,None,2023-06-22 11:22:14,None,None,None,None,None,VIEW
def,sys,x$io_by_thread_by_latency,VIEW,None,None,None,None,None,None,None,None,None,None,2023-06-22 11:22:14,None,None,None,None,None,VIEW
def,sys,x$io_global_by_file_by_bytes,VIEW,None,None,None,None,None,None,None,None,None,None,2023-06-22 11:22:14,None,None,None,None,None,VIEW
def,sys,x$io_global_by_file_by_latency,VIEW,None,None,None,None,None,None,None,None,None,None,2023-06-22 11:22:14,None,None,None,None,None,VIEW
def,sys,x$io_global_by_wait_by_bytes,VIEW,None,None,None,None,None,None,None,None,None,None,2023-06-22 11:22:14,None,None,None,None,None,VIEW
def,sys,x$io_global_by_wait_by_latency,VIEW,None,None,None,None,None,None,None,None,None,None,2023-06-22 11:22:14,None,None,None,None,None,VIEW
def,sys,x$latest_file_io,VIEW,None,None,None,None,None,None,None,None,None,None,2023-06-22 11:22:14,None,None,None,None,None,VIEW
def,sys,x$memory_by_host_by_current_bytes,VIEW,None,None,None,None,None,None,None,None,None,None,2023-06-22 11:22:14,None,None,None,None,None,VIEW
def,sys,x$memory_by_thread_by_current_bytes,VIEW,None,None,None,None,None,None,None,None,None,None,2023-06-22 11:22:14,None,None,None,None,None,VIEW
def,sys,x$memory_by_user_by_current_bytes,VIEW,None,None,None,None,None,None,None,None,None,None,2023-06-22 11:22:14,None,None,None,None,None,VIEW
def,sys,x$memory_global_by_current_bytes,VIEW,None,None,None,None,None,None,None,None,None,None,2023-06-22 11:22:14,None,None,None,None,None,VIEW
def,sys,x$memory_global_total,VIEW,None,None,None,None,None,None,None,None,None,None,2023-06-22 11:22:14,None,None,None,None,None,VIEW
def,sys,x$processlist,VIEW,None,None,None,None,None,None,None,None,None,None,2023-06-22 11:22:14,None,None,None,None,None,VIEW
def,sys,x$ps_digest_95th_percentile_by_avg_us,VIEW,None,None,None,None,None,None,None,None,None,None,2023-06-22 11:22:14,None,None,None,None,None,VIEW
def,sys,x$ps_digest_avg_latency_distribution,VIEW,None,None,None,None,None,None,None,None,None,None,2023-06-22 11:22:14,None,None,None,None,None,VIEW
def,sys,x$ps_schema_table_statistics_io,VIEW,None,None,None,None,None,None,None,None,None,None,2023-06-22 11:22:14,None,None,None,None,None,VIEW
def,sys,x$schema_flattened_keys,VIEW,None,None,None,None,None,None,None,None,None,None,2023-06-22 11:22:14,None,None,None,None,None,VIEW
def,sys,x$schema_index_statistics,VIEW,None,None,None,None,None,None,None,None,None,None,2023-06-22 11:22:14,None,None,None,None,None,VIEW
def,sys,x$schema_table_lock_waits,VIEW,None,None,None,None,None,None,None,None,None,None,2023-06-22 11:22:14,None,None,None,None,None,VIEW
def,sys,x$schema_table_statistics,VIEW,None,None,None,None,None,None,None,None,None,None,2023-06-22 11:22:14,None,None,None,None,None,VIEW
def,sys,x$schema_table_statistics_with_buffer,VIEW,None,None,None,None,None,None,None,None,None,None,2023-06-22 11:22:14,None,None,None,None,None,VIEW
def,sys,x$schema_tables_with_full_table_scans,VIEW,None,None,None,None,None,None,None,None,None,None,2023-06-22 11:22:14,None,None,None,None,None,VIEW
def,sys,x$session,VIEW,None,None,None,None,None,None,None,None,None,None,2023-06-22 11:22:14,None,None,None,None,None,VIEW
def,sys,x$statement_analysis,VIEW,None,None,None,None,None,None,None,None,None,None,2023-06-22 11:22:14,None,None,None,None,None,VIEW
def,sys,x$statements_with_errors_or_warnings,VIEW,None,None,None,None,None,None,None,None,None,None,2023-06-22 11:22:14,None,None,None,None,None,VIEW
def,sys,x$statements_with_full_table_scans,VIEW,None,None,None,None,None,None,None,None,None,None,2023-06-22 11:22:14,None,None,None,None,None,VIEW
def,sys,x$statements_with_runtimes_in_95th_percentile,VIEW,None,None,None,None,None,None,None,None,None,None,2023-06-22 11:22:14,None,None,None,None,None,VIEW
def,sys,x$statements_with_sorting,VIEW,None,None,None,None,None,None,None,None,None,None,2023-06-22 11:22:14,None,None,None,None,None,VIEW
def,sys,x$statements_with_temp_tables,VIEW,None,None,None,None,None,None,None,None,None,None,2023-06-22 11:22:14,None,None,None,None,None,VIEW
def,sys,x$user_summary,VIEW,None,None,None,None,None,None,None,None,None,None,2023-06-22 11:22:14,None,None,None,None,None,VIEW
def,sys,x$user_summary_by_file_io,VIEW,None,None,None,None,None,None,None,None,None,None,2023-06-22 11:22:14,None,None,None,None,None,VIEW
def,sys,x$user_summary_by_file_io_type,VIEW,None,None,None,None,None,None,None,None,None,None,2023-06-22 11:22:14,None,None,None,None,None,VIEW
def,sys,x$user_summary_by_stages,VIEW,None,None,None,None,None,None,None,None,None,None,2023-06-22 11:22:14,None,None,None,None,None,VIEW
def,sys,x$user_summary_by_statement_latency,VIEW,None,None,None,None,None,None,None,None,None,None,2023-06-22 11:22:14,None,None,None,None,None,VIEW
def,sys,x$user_summary_by_statement_type,VIEW,None,None,None,None,None,None,None,None,None,None,2023-06-22 11:22:14,None,None,None,None,None,VIEW
def,sys,x$wait_classes_global_by_avg_latency,VIEW,None,None,None,None,None,None,None,None,None,None,2023-06-22 11:22:14,None,None,None,None,None,VIEW
def,sys,x$wait_classes_global_by_latency,VIEW,None,None,None,None,None,None,None,None,None,None,2023-06-22 11:22:14,None,None,None,None,None,VIEW
def,sys,x$waits_by_host_by_latency,VIEW,None,None,None,None,None,None,None,None,None,None,2023-06-22 11:22:14,None,None,None,None,None,VIEW
def,sys,x$waits_by_user_by_latency,VIEW,None,None,None,None,None,None,None,None,None,None,2023-06-22 11:22:14,None,None,None,None,None,VIEW
def,sys,x$waits_global_by_latency,VIEW,None,None,None,None,None,None,None,None,None,None,2023-06-22 11:22:14,None,None,None,None,None,VIEW
def,sakila,actor,BASE TABLE,InnoDB,10,Dynamic,200,81,16384,0,16384,0,200,2023-06-22 11:24:47,None,None,utf8mb4_0900_ai_ci,None,,
def,sakila,actor_info,VIEW,None,None,None,None,None,None,None,None,None,None,2023-06-22 11:24:48,None,None,None,None,None,VIEW
def,sakila,address,BASE TABLE,InnoDB,10,Dynamic,603,163,98304,0,16384,0,605,2023-06-22 11:24:47,None,None,utf8mb4_0900_ai_ci,None,,
def,sakila,category,BASE TABLE,InnoDB,10,Dynamic,16,1024,16384,0,0,0,16,2023-06-22 11:24:47,None,None,utf8mb4_0900_ai_ci,None,,
def,sakila,city,BASE TABLE,InnoDB,10,Dynamic,600,81,49152,0,16384,0,600,2023-06-22 11:24:47,None,None,utf8mb4_0900_ai_ci,None,,
def,sakila,country,BASE TABLE,InnoDB,10,Dynamic,109,150,16384,0,0,0,109,2023-06-22 11:24:47,None,None,utf8mb4_0900_ai_ci,None,,
def,sakila,customer,BASE TABLE,InnoDB,10,Dynamic,599,136,81920,0,49152,0,599,2023-06-22 11:24:47,None,None,utf8mb4_0900_ai_ci,None,,
def,sakila,customer_list,VIEW,None,None,None,None,None,None,None,None,None,None,2023-06-22 11:24:48,None,None,None,None,None,VIEW
def,sakila,film,BASE TABLE,InnoDB,10,Dynamic,1000,196,196608,0,81920,0,1000,2023-06-22 11:24:47,None,None,utf8mb4_0900_ai_ci,None,,
def,sakila,film_actor,BASE TABLE,InnoDB,10,Dynamic,5462,35,196608,0,81920,0,None,2023-06-22 11:24:47,None,None,utf8mb4_0900_ai_ci,None,,
def,sakila,film_category,BASE TABLE,InnoDB,10,Dynamic,1000,65,65536,0,16384,0,None,2023-06-22 11:24:48,None,None,utf8mb4_0900_ai_ci,None,,
def,sakila,film_list,VIEW,None,None,None,None,None,None,None,None,None,None,2023-06-22 11:24:48,None,None,None,None,None,VIEW
def,sakila,film_text,BASE TABLE,InnoDB,10,Dynamic,1000,180,180224,0,16384,0,None,2023-06-22 11:24:48,None,None,utf8mb4_0900_ai_ci,None,,
def,sakila,inventory,BASE TABLE,InnoDB,10,Dynamic,4581,39,180224,0,196608,0,4581,2023-06-22 11:24:48,None,None,utf8mb4_0900_ai_ci,None,,
def,sakila,language,BASE TABLE,InnoDB,10,Dynamic,6,2730,16384,0,0,0,6,2023-06-22 11:24:48,None,None,utf8mb4_0900_ai_ci,None,,
def,sakila,nicer_but_slower_film_list,VIEW,None,None,None,None,None,None,None,None,None,None,2023-06-22 11:24:48,None,None,None,None,None,VIEW
def,sakila,payment,BASE TABLE,InnoDB,10,Dynamic,16086,98,1589248,0,638976,4194304,16050,2023-06-22 11:24:48,None,None,utf8mb4_0900_ai_ci,None,,
def,sakila,rental,BASE TABLE,InnoDB,10,Dynamic,15420,103,1589248,0,1196032,4194304,16050,2023-06-22 11:24:48,None,None,utf8mb4_0900_ai_ci,None,,
def,sakila,sales_by_film_category,VIEW,None,None,None,None,None,None,None,None,None,None,2023-06-22 11:24:48,None,None,None,None,None,VIEW
def,sakila,sales_by_store,VIEW,None,None,None,None,None,None,None,None,None,None,2023-06-22 11:24:48,None,None,None,None,None,VIEW
def,sakila,staff,BASE TABLE,InnoDB,10,Dynamic,2,32768,65536,0,32768,0,2,2023-06-22 11:24:48,None,None,utf8mb4_0900_ai_ci,None,,
def,sakila,staff_list,VIEW,None,None,None,None,None,None,None,None,None,None,2023-06-22 11:24:48,None,None,None,None,None,VIEW
def,sakila,store,BASE TABLE,InnoDB,10,Dynamic,2,8192,16384,0,32768,0,2,2023-06-22 11:24:48,None,None,utf8mb4_0900_ai_ci,None,,
def,world,city,BASE TABLE,InnoDB,10,Dynamic,4035,101,409600,0,114688,0,None,2023-06-26 13:40:29,None,None,utf8mb4_0900_ai_ci,None,,this table needs a comment
def,world,country,BASE TABLE,InnoDB,10,Dynamic,239,479,114688,0,0,0,None,2023-06-22 11:24:52,None,None,utf8mb4_0900_ai_ci,None,,
def,world,countrylanguage,BASE TABLE,InnoDB,10,Dynamic,984,99,98304,0,65536,0,None,2023-06-22 11:24:52,None,None,utf8mb4_0900_ai_ci,None,,
def,atlas,onetableforme,BASE TABLE,InnoDB,10,Dynamic,358,228,81920,0,0,0,None,2023-07-07 13:54:50,2023-07-07 13:54:50,None,utf8mb4_0900_ai_ci,None,,
def,x,metrics,BASE TABLE,InnoDB,10,Dynamic,5,3276,16384,0,0,0,None,2023-07-04 14:51:02,None,None,utf8mb4_0900_ai_ci,None,,
def,x,metrics_header,BASE TABLE,InnoDB,10,Dynamic,0,0,16384,0,0,0,None,2023-07-04 14:51:02,None,None,utf8mb4_0900_ai_ci,None,,
